Workbook

Sheet NF
A1: Número NF | B1: Data | C1: Valor | D1: Fornecedor

Sheet Extrato
A1: Data | B1: Descrição | C1: Valor | D1: Identificador

Sheet Conciliação
A1: Conciliação NF vs Extrato
A3: Número NF | B3: Data NF | C3: Valor NF | D3: Fornecedor NF | E3: Data Extrato | F3: Descrição Extrato | G3: Valor Extrato | H3: Status | J3: Legenda de status:
A4: =IF(NF!A2<>"", NF!A2, "") | B4: =IF(A4<>"", NF!B2, "") | C4: =IF(A4<>"", NF!C2, "") | D4: =IF(A4<>"", NF!D2, "") | E4: =IF(A4<>"", XLOOKUP(A4, Extrato!$D:$D, Extrato!$A:$A, ""), "") | F4: =IF(A4<>"", XLOOKUP(A4, Extrato!$D:$D, Extrato!$B:$B, ""), "") | G4: =IF(A4<>"", XLOOKUP(A4, Extrato!$D:$D, Extrato!$C:$C, ""), "") | H4: =IF(A4="", "", IF(E4="", "Pendente", IF(C4=G4, "OK", "Valor divergente"))) | J4: OK | K4: NF corresponde ao lançamento no extrato (número e valor)
A5: =IF(NF!A3<>"", NF!A3, "") | B5: =IF(A5<>"", NF!B3, "") | C5: =IF(A5<>"", NF!C3, "") | D5: =IF(A5<>"", NF!D3, "") | E5: =IF(A5<>"", XLOOKUP(A5, Extrato!$D:$D, Extrato!$A:$A, ""), "") | F5: =IF(A5<>"", XLOOKUP(A5, Extrato!$D:$D, Extrato!$B:$B, ""), "") | G5: =IF(A5<>"", XLOOKUP(A5, Extrato!$D:$D, Extrato!$C:$C, ""), "") | H5: =IF(A5="", "", IF(E5="", "Pendente", IF(C5=G5, "OK", "Valor divergente"))) | J5: Valor divergente | K5: NF encontrada no extrato, mas o valor difere.
A6: =IF(NF!A4<>"", NF!A4, "") | B6: =IF(A6<>"", NF!B4, "") | C6: =IF(A6<>"", NF!C4, "") | D6: =IF(A6<>"", NF!D4, "") | E6: =IF(A6<>"", XLOOKUP(A6, Extrato!$D:$D, Extrato!$A:$A, ""), "") | F6: =IF(A6<>"", XLOOKUP(A6, Extrato!$D:$D, Extrato!$B:$B, ""), "") | G6: =IF(A6<>"", XLOOKUP(A6, Extrato!$D:$D, Extrato!$C:$C, ""), "") | H6: =IF(A6="", "", IF(E6="", "Pendente", IF(C6=G6, "OK", "Valor divergente"))) | J6: Pendente | K6: NF sem correspondência no extrato.
A7: =IF(NF!A5<>"", NF!A5, "") | B7: =IF(A7<>"", NF!B5, "") | C7: =IF(A7<>"", NF!C5, "") | D7: =IF(A7<>"", NF!D5, "") | E7: =IF(A7<>"", XLOOKUP(A7, Extrato!$D:$D, Extrato!$A:$A, ""), "") | F7: =IF(A7<>"", XLOOKUP(A7, Extrato!$D:$D, Extrato!$B:$B, ""), "") | G7: =IF(A7<>"", XLOOKUP(A7, Extrato!$D:$D, Extrato!$C:$C, ""), "") | H7: =IF(A7="", "", IF(E7="", "Pendente", IF(C7=G7, "OK", "Valor divergente"))) | J7: Lançamento sem NF | K7: Entrada no extrato sem NF correspondente.
A8: =IF(NF!A6<>"", NF!A6, "") | B8: =IF(A8<>"", NF!B6, "") | C8: =IF(A8<>"", NF!C6, "") | D8: =IF(A8<>"", NF!D6, "") | E8: =IF(A8<>"", XLOOKUP(A8, Extrato!$D:$D, Extrato!$A:$A, ""), "") | F8: =IF(A8<>"", XLOOKUP(A8, Extrato!$D:$D, Extrato!$B:$B, ""), "") | G8: =IF(A8<>"", XLOOKUP(A8, Extrato!$D:$D, Extrato!$C:$C, ""), "") | H8: =IF(A8="", "", IF(E8="", "Pendente", IF(C8=G8, "OK", "Valor divergente")))
A9: =IF(NF!A7<>"", NF!A7, "") | B9: =IF(A9<>"", NF!B7, "") | C9: =IF(A9<>"", NF!C7, "") | D9: =IF(A9<>"", NF!D7, "") | E9: =IF(A9<>"", XLOOKUP(A9, Extrato!$D:$D, Extrato!$A:$A, ""), "") | F9: =IF(A9<>"", XLOOKUP(A9, Extrato!$D:$D, Extrato!$B:$B, ""), "") | G9: =IF(A9<>"", XLOOKUP(A9, Extrato!$D:$D, Extrato!$C:$C, ""), "") | H9: =IF(A9="", "", IF(E9="", "Pendente", IF(C9=G9, "OK", "Valor divergente")))
A10: =IF(NF!A8<>"", NF!A8, "") | B10: =IF(A10<>"", NF!B8, "") | C10: =IF(A10<>"", NF!C8, "") | D10: =IF(A10<>"", NF!D8, "") | E10: =IF(A10<>"", XLOOKUP(A10, Extrato!$D:$D, Extrato!$A:$A, ""), "") | F10: =IF(A10<>"", XLOOKUP(A10, Extrato!$D:$D, Extrato!$B:$B, ""), "") | G10: =IF(A10<>"", XLOOKUP(A10, Extrato!$D:$D, Extrato!$C:$C, ""), "") | H10: =IF(A10="", "", IF(E10="", "Pendente", IF(C10=G10, "OK", "Valor divergente")))
A11: =IF(NF!A9<>"", NF!A9, "") | B11: =IF(A11<>"", NF!B9, "") | C11: =IF(A11<>"", NF!C9, "") | D11: =IF(A11<>"", NF!D9, "") | E11: =IF(A11<>"", XLOOKUP(A11, Extrato!$D:$D, Extrato!$A:$A, ""), "") | F11: =IF(A11<>"", XLOOKUP(A11, Extrato!$D:$D, Extrato!$B:$B, ""), "") | G11: =IF(A11<>"", XLOOKUP(A11, Extrato!$D:$D, Extrato!$C:$C, ""), "") | H11: =IF(A11="", "", IF(E11="", "Pendente", IF(C11=G11, "OK", "Valor divergente")))
A12: =IF(NF!A10<>"", NF!A10, "") | B12: =IF(A12<>"", NF!B10, "") | C12: =IF(A12<>"", NF!C10, "") | D12: =IF(A12<>"", NF!D10, "") | E12: =IF(A12<>"", XLOOKUP(A12, Extrato!$D:$D, Extrato!$A:$A, ""), "") | F12: =IF(A12<>"", XLOOKUP(A12, Extrato!$D:$D, Extrato!$B:$B, ""), "") | G12: =IF(A12<>"", XLOOKUP(A12, Extrato!$D:$D, Extrato!$C:$C, ""), "") | H12: =IF(A12="", "", IF(E12="", "Pendente", IF(C12=G12, "OK", "Valor divergente")))
A13: =IF(NF!A11<>"", NF!A11, "") | B13: =IF(A13<>"", NF!B11, "") | C13: =IF(A13<>"", NF!C11, "") | D13: =IF(A13<>"", NF!D11, "") | E13: =IF(A13<>"", XLOOKUP(A13, Extrato!$D:$D, Extrato!$A:$A, ""), "") | F13: =IF(A13<>"", XLOOKUP(A13, Extrato!$D:$D, Extrato!$B:$B, ""), "") | G13: =IF(A13<>"", XLOOKUP(A13, Extrato!$D:$D, Extrato!$C:$C, ""), "") | H13: =IF(A13="", "", IF(E13="", "Pendente", IF(C13=G13, "OK", "Valor divergente")))
A14: =IF(NF!A12<>"", NF!A12, "") | B14: =IF(A14<>"", NF!B12, "") | C14: =IF(A14<>"", NF!C12, "") | D14: =IF(A14<>"", NF!D12, "") | E14: =IF(A14<>"", XLOOKUP(A14, Extrato!$D:$D, Extrato!$A:$A, ""), "") | F14: =IF(A14<>"", XLOOKUP(A14, Extrato!$D:$D, Extrato!$B:$B, ""), "") | G14: =IF(A14<>"", XLOOKUP(A14, Extrato!$D:$D, Extrato!$C:$C, ""), "") | H14: =IF(A14="", "", IF(E14="", "Pendente", IF(C14=G14, "OK", "Valor divergente")))
A15: =IF(NF!A13<>"", NF!A13, "") | B15: =IF(A15<>"", NF!B13, "") | C15: =IF(A15<>"", NF!C13, "") | D15: =IF(A15<>"", NF!D13, "") | E15: =IF(A15<>"", XLOOKUP(A15, Extrato!$D:$D, Extrato!$A:$A, ""), "") | F15: =IF(A15<>"", XLOOKUP(A15, Extrato!$D:$D, Extrato!$B:$B, ""), "") | G15: =IF(A15<>"", XLOOKUP(A15, Extrato!$D:$D, Extrato!$C:$C, ""), "") | H15: =IF(A15="", "", IF(E15="", "Pendente", IF(C15=G15, "OK", "Valor divergente")))
A16: =IF(NF!A14<>"", NF!A14, "") | B16: =IF(A16<>"", NF!B14, "") | C16: =IF(A16<>"", NF!C14, "") | D16: =IF(A16<>"", NF!D14, "") | E16: =IF(A16<>"", XLOOKUP(A16, Extrato!$D:$D, Extrato!$A:$A, ""), "") | F16: =IF(A16<>"", XLOOKUP(A16, Extrato!$D:$D, Extrato!$B:$B, ""), "") | G16: =IF(A16<>"", XLOOKUP(A16, Extrato!$D:$D, Extrato!$C:$C, ""), "") | H16: =IF(A16="", "", IF(E16="", "Pendente", IF(C16=G16, "OK", "Valor divergente")))
A17: =IF(NF!A15<>"", NF!A15, "") | B17: =IF(A17<>"", NF!B15, "") | C17: =IF(A17<>"", NF!C15, "") | D17: =IF(A17<>"", NF!D15, "") | E17: =IF(A17<>"", XLOOKUP(A17, Extrato!$D:$D, Extrato!$A:$A, ""), "") | F17: =IF(A17<>"", XLOOKUP(A17, Extrato!$D:$D, Extrato!$B:$B, ""), "") | G17: =IF(A17<>"", XLOOKUP(A17, Extrato!$D:$D, Extrato!$C:$C, ""), "") | H17: =IF(A17="", "", IF(E17="", "Pendente", IF(C17=G17, "OK", "Valor divergente")))
A18: =IF(NF!A16<>"", NF!A16, "") | B18: =IF(A18<>"", NF!B16, "") | C18: =IF(A18<>"", NF!C16, "") | D18: =IF(A18<>"", NF!D16, "") | E18: =IF(A18<>"", XLOOKUP(A18, Extrato!$D:$D, Extrato!$A:$A, ""), "") | F18: =IF(A18<>"", XLOOKUP(A18, Extrato!$D:$D, Extrato!$B:$B, ""), "") | G18: =IF(A18<>"", XLOOKUP(A18, Extrato!$D:$D, Extrato!$C:$C, ""), "") | H18: =IF(A18="", "", IF(E18="", "Pendente", IF(C18=G18, "OK", "Valor divergente")))
A19: =IF(NF!A17<>"", NF!A17, "") | B19: =IF(A19<>"", NF!B17, "") | C19: =IF(A19<>"", NF!C17, "") | D19: =IF(A19<>"", NF!D17, "") | E19: =IF(A19<>"", XLOOKUP(A19, Extrato!$D:$D, Extrato!$A:$A, ""), "") | F19: =IF(A19<>"", XLOOKUP(A19, Extrato!$D:$D, Extrato!$B:$B, ""), "") | G19: =IF(A19<>"", XLOOKUP(A19, Extrato!$D:$D, Extrato!$C:$C, ""), "") | H19: =IF(A19="", "", IF(E19="", "Pendente", IF(C19=G19, "OK", "Valor divergente")))
... A1003: =IF(NF!A1001<>"", NF!A1001, "") | B1003: =IF(A1003<>"", NF!B1001, "") | C1003: =IF(A1003<>"", NF!C1001, "") | D1003: =IF(A1003<>"", NF!D1001, "") | E1003: =IF(A1003<>"", XLOOKUP(A1003, Extrato!$D:$D, Extrato!$A:$A, ""), "") | F1003: =IF(A1003<>"", XLOOKUP(A1003, Extrato!$D:$D, Extrato!$B:$B, ""), "") | G1003: =IF(A1003<>"", XLOOKUP(A1003, Extrato!$D:$D, Extrato!$C:$C, ""), "") | H1003: =IF(A1003="", "", IF(E1003="", "Pendente", IF(C1003=G1003, "OK", "Valor divergente")))
A1006: Lançamentos no extrato sem NF (não registrados):
A1007: Data Extrato | B1007: Descrição Extrato | C1007: Valor Extrato | D1007: Identificador
A1008: =FILTER(Extrato!A2:D1001, COUNTIFS(NF!$A$2:$A$1001, Extrato!$D$2:$D$1001, NF!$C$2:$C$1001, Extrato!$C$2:$C$1001)=0)
